Date,"Jurgen Klopp"
2015-07-01,33
2015-07-02,26
2015-07-03,16
2015-07-04,10
2015-07-05,30
2015-07-06,29
2015-07-07,33
2015-07-08,24
2015-07-09,19
2015-07-10,22
2015-07-11,18
2015-07-12,30
2015-07-13,20
2015-07-14,19
2015-07-15,22
2015-07-16,16
2015-07-17,20
2015-07-18,17
2015-07-19,17
2015-07-20,21
2015-07-21,14
2015-07-22,23
2015-07-23,19
2015-07-24,19
2015-07-25,20
2015-07-26,20
2015-07-27,32
2015-07-28,31
2015-07-29,35
2015-07-30,37
2015-07-31,19
2015-08-01,22
2015-08-02,19
2015-08-03,23
2015-08-04,22
2015-08-05,28
2015-08-06,30
2015-08-07,40
2015-08-08,37
2015-08-09,29
2015-08-10,30
2015-08-11,40
2015-08-12,26
2015-08-13,32
2015-08-14,29
2015-08-15,62
2015-08-16,31
2015-08-17,25
2015-08-18,16
2015-08-19,14
2015-08-20,34
2015-08-21,30
2015-08-22,27
2015-08-23,33
2015-08-24,23
2015-08-25,17
2015-08-26,22
2015-08-27,19
2015-08-28,20
2015-08-29,33
2015-08-30,43
2015-08-31,45
2015-09-01,37
2015-09-02,25
2015-09-03,25
2015-09-04,26
2015-09-05,16
2015-09-06,33
2015-09-07,56
2015-09-08,37
2015-09-09,19
2015-09-10,17
2015-09-11,14
2015-09-12,37
2015-09-13,59
2015-09-14,68
2015-09-15,50
2015-09-16,39
2015-09-17,35
2015-09-18,28
2015-09-19,17
2015-09-20,53
2015-09-21,61
2015-09-22,51
2015-09-23,97
2015-09-24,148
2015-09-25,111
2015-09-26,43
2015-09-27,40
2015-09-28,39
2015-09-29,28
2015-09-30,71
2015-10-01,71
2015-10-02,45
2015-10-03,39
2015-10-04,638
2015-10-05,1877
2015-10-06,1623
2015-10-07,1416
2015-10-08,2020
2015-10-09,2239
2015-10-10,800
2015-10-11,510
2015-10-12,422
2015-10-13,259
2015-10-14,197
2015-10-15,237
2015-10-16,202
2015-10-17,420
2015-10-18,213
2015-10-19,166
2015-10-20,132
2015-10-21,127
2015-10-22,168
2015-10-23,112
2015-10-24,62
2015-10-25,235
2015-10-26,88
2015-10-27,74
2015-10-28,124
2015-10-29,115
2015-10-30,146
2015-10-31,306
2015-11-01,188
2015-11-02,171
2015-11-03,117
2015-11-04,142
2015-11-05,137
2015-11-06,121
2015-11-07,83
2015-11-08,103
2015-11-09,95
2015-11-10,52
2015-11-11,46
2015-11-12,47
2015-11-13,39
2015-11-14,22
2015-11-15,29
2015-11-16,31
2015-11-17,34
2015-11-18,37
2015-11-19,32
2015-11-20,41
2015-11-21,151
2015-11-22,188
2015-11-23,213
2015-11-24,111
2015-11-25,129
2015-11-26,127
2015-11-27,104
2015-11-28,119
2015-11-29,134
2015-11-30,119
2015-12-01,93
2015-12-02,196
2015-12-03,247
2015-12-04,141
2015-12-05,126
2015-12-06,164
2015-12-07,85
2015-12-08,57
2015-12-09,50
2015-12-10,54
2015-12-11,42
2015-12-12,41
2015-12-13,99
2015-12-14,98
2015-12-15,58
2015-12-16,61
2015-12-17,59
2015-12-18,68
2015-12-19,63
2015-12-20,124
2015-12-21,74
2015-12-22,61
2015-12-23,76
2015-12-24,67
2015-12-25,71
2015-12-26,104
2015-12-27,59
2015-12-28,66
2015-12-29,56
2015-12-30,108
2015-12-31,102
2016-01-01,71
2016-01-02,110
2016-01-03,58
2016-01-04,70
2016-01-05,97
2016-01-06,83
2016-01-07,65
2016-01-08,135
2016-01-09,82
2016-01-10,50
2016-01-11,63
2016-01-12,47
2016-01-13,129
2016-01-14,85
2016-01-15,103
2016-01-16,73
2016-01-17,126
2016-01-18,67
2016-01-19,54
2016-01-20,54
2016-01-21,60
2016-01-22,32
2016-01-23,124
2016-01-24,79
2016-01-25,50
2016-01-26,86
2016-01-27,99
2016-01-28,63
2016-01-29,43
2016-01-30,72
2016-01-31,39
2016-02-01,54
2016-02-02,63
2016-02-03,60
2016-02-04,41
2016-02-05,30
2016-02-06,48
2016-02-07,53
2016-02-08,49
2016-02-09,78
2016-02-10,75
2016-02-11,41
2016-02-12,34
2016-02-13,34
2016-02-14,65
2016-02-15,54
2016-02-16,53
2016-02-17,52
2016-02-18,96
2016-02-19,65
2016-02-20,34
2016-02-21,43
2016-02-22,33
2016-02-23,29
2016-02-24,25
2016-02-25,35
2016-02-26,63
2016-02-27,47
2016-02-28,131
2016-02-29,53
2016-03-01,52
2016-03-02,62
2016-03-03,150
2016-03-04,57
2016-03-05,48
2016-03-06,83
2016-03-07,60
2016-03-08,35
2016-03-09,60
2016-03-10,130
2016-03-11,90
2016-03-12,41
2016-03-13,40
2016-03-14,35
2016-03-15,49
2016-03-16,53
2016-03-17,127
2016-03-18,235
2016-03-19,110
2016-03-20,114
2016-03-21,78
2016-03-22,51
2016-03-23,65
2016-03-24,52
2016-03-25,51
2016-03-26,61
2016-03-27,46
2016-03-28,61
2016-03-29,60
2016-03-30,61
2016-03-31,56
2016-04-01,42
2016-04-02,107
2016-04-03,66
2016-04-04,78
2016-04-05,72
2016-04-06,109
2016-04-07,417
2016-04-08,165
2016-04-09,72
2016-04-10,136
2016-04-11,98
2016-04-12,67
2016-04-13,70
2016-04-14,418
2016-04-15,512
2016-04-16,187
2016-04-17,234
2016-04-18,163
2016-04-19,147
2016-04-20,192
2016-04-21,217
2016-04-22,134
2016-04-23,140
2016-04-24,108
2016-04-25,89
2016-04-26,69
2016-04-27,91
2016-04-28,196
2016-04-29,87
2016-04-30,71
2016-05-01,108
2016-05-02,69
2016-05-03,78
2016-05-04,88
2016-05-05,360
2016-05-06,385
2016-05-07,148
2016-05-08,179
2016-05-09,147
2016-05-10,133
2016-05-11,222
2016-05-12,132
2016-05-13,127
2016-05-14,103
2016-05-15,100
2016-05-16,133
2016-05-17,201
2016-05-18,577
2016-05-19,311
2016-05-20,139
2016-05-21,125
2016-05-22,117
2016-05-23,139
2016-05-24,146
2016-05-25,107
2016-05-26,104
2016-05-27,114
2016-05-28,88
2016-05-29,69
2016-05-30,49
2016-05-31,47
2016-06-01,65
2016-06-02,114
2016-06-03,77
2016-06-04,56
2016-06-05,49
2016-06-06,50
2016-06-07,69
2016-06-08,60
2016-06-09,44
2016-06-10,53
2016-06-11,44
2016-06-12,81
2016-06-13,64
2016-06-14,75
2016-06-15,46
2016-06-16,115
2016-06-17,59
2016-06-18,42
2016-06-19,46
2016-06-20,61
2016-06-21,51
2016-06-22,48
2016-06-23,46
2016-06-24,35
2016-06-25,30
2016-06-26,60
2016-06-27,72
2016-06-28,60
2016-06-29,60
2016-06-30,51
2016-07-01,67
2016-07-02,83
2016-07-03,71
2016-07-04,64
2016-07-05,85
2016-07-06,86
2016-07-07,89
2016-07-08,213
2016-07-09,93
2016-07-10,65
2016-07-11,49
2016-07-12,50
2016-07-13,52
2016-07-14,49
2016-07-15,39
2016-07-16,41
2016-07-17,58
2016-07-18,47
2016-07-19,64
2016-07-20,86
2016-07-21,94
2016-07-22,93
2016-07-23,71
2016-07-24,54
2016-07-25,71
2016-07-26,61
2016-07-27,49
2016-07-28,78
2016-07-29,57
2016-07-30,59
2016-07-31,50
2016-08-01,61
2016-08-02,50
2016-08-03,42
2016-08-04,53
2016-08-05,53
2016-08-06,79
2016-08-07,117
2016-08-08,79
2016-08-09,74
2016-08-10,64
2016-08-11,81
2016-08-12,67
2016-08-13,60
2016-08-14,205
2016-08-15,125
2016-08-16,96
2016-08-17,89
2016-08-18,66
2016-08-19,80
2016-08-20,114
2016-08-21,71
2016-08-22,75
2016-08-23,76
2016-08-24,73
2016-08-25,151
2016-08-26,124
2016-08-27,183
2016-08-28,78
2016-08-29,91
2016-08-30,65
2016-08-31,65
2016-09-01,62
2016-09-02,51
2016-09-03,76
2016-09-04,65
2016-09-05,36
2016-09-06,50
2016-09-07,46
2016-09-08,58
2016-09-09,63
2016-09-10,120
2016-09-11,100
2016-09-12,71
2016-09-13,73
2016-09-14,83
2016-09-15,90
2016-09-16,255
2016-09-17,199
2016-09-18,144
2016-09-19,129
2016-09-20,116
2016-09-21,101
2016-09-22,113
2016-09-23,83
2016-09-24,99
2016-09-25,128
2016-09-26,198
2016-09-27,229
2016-09-28,123
2016-09-29,94
2016-09-30,131
2016-10-01,135
2016-10-02,80
2016-10-03,104
2016-10-04,81
2016-10-05,64
2016-10-06,63
2016-10-07,99
2016-10-08,103
2016-10-09,80
2016-10-10,57
2016-10-11,52
2016-10-12,49
2016-10-13,68
2016-10-14,104
2016-10-15,64
2016-10-16,73
2016-10-17,169
2016-10-18,86
2016-10-19,62
2016-10-20,49
2016-10-21,40
2016-10-22,92
2016-10-23,119
2016-10-24,85
2016-10-25,110
2016-10-26,78
2016-10-27,65
2016-10-28,70
2016-10-29,119
2016-10-30,84
2016-10-31,72
2016-11-01,71
2016-11-02,59
2016-11-03,94
2016-11-04,66
2016-11-05,62
2016-11-06,179
2016-11-07,159
2016-11-08,87
2016-11-09,40
2016-11-10,45
2016-11-11,46
2016-11-12,48
2016-11-13,29
2016-11-14,58
2016-11-15,51
2016-11-16,42
2016-11-17,70
2016-11-18,72
2016-11-19,66
2016-11-20,51
2016-11-21,58
2016-11-22,63
2016-11-23,45
2016-11-24,43
2016-11-25,48
2016-11-26,80
2016-11-27,88
2016-11-28,73
2016-11-29,65
2016-11-30,99
2016-12-01,53
2016-12-02,58
2016-12-03,53
2016-12-04,75
2016-12-05,47
2016-12-06,54
2016-12-07,56
2016-12-08,47
2016-12-09,45
2016-12-10,38
2016-12-11,73
2016-12-12,69
2016-12-13,60
2016-12-14,55
2016-12-15,63
2016-12-16,53
2016-12-17,53
2016-12-18,37
2016-12-19,90
2016-12-20,121
2016-12-21,56
2016-12-22,61
2016-12-23,49
2016-12-24,46
2016-12-25,53
2016-12-26,55
2016-12-27,100
2016-12-28,90
2016-12-29,75
2016-12-30,86
2016-12-31,147
2017-01-01,121
2017-01-02,108
2017-01-03,87
2017-01-04,75
2017-01-05,72
2017-01-06,60
2017-01-07,39
2017-01-08,73
2017-01-09,71
2017-01-10,48
2017-01-11,74
2017-01-12,54
2017-01-13,63
2017-01-14,55
2017-01-15,134
2017-01-16,83
2017-01-17,68
2017-01-18,59
2017-01-19,44
2017-01-20,57
2017-01-21,69
2017-01-22,48
2017-01-23,65
2017-01-24,62
2017-01-25,94
2017-01-26,91
2017-01-27,64
2017-01-28,136
2017-01-29,83
2017-01-30,83
2017-01-31,88
2017-02-01,73
2017-02-02,55
2017-02-03,55
2017-02-04,73
2017-02-05,80
2017-02-06,55
2017-02-07,82
2017-02-08,56
2017-02-09,49
2017-02-10,45
2017-02-11,79
2017-02-12,61
2017-02-13,45
2017-02-14,41
2017-02-15,43
2017-02-16,54
2017-02-17,27
2017-02-18,36
2017-02-19,37
2017-02-20,36
2017-02-21,41
2017-02-22,35
2017-02-23,41
2017-02-24,50
2017-02-25,37
2017-02-26,42
2017-02-27,82
2017-02-28,89
2017-03-01,57
2017-03-02,43
2017-03-03,47
2017-03-04,67
2017-03-05,51
2017-03-06,51
2017-03-07,39
2017-03-08,33
2017-03-09,38
2017-03-10,30
2017-03-11,30
2017-03-12,60
2017-03-13,42
2017-03-14,47
2017-03-15,35
2017-03-16,28
2017-03-17,27
2017-03-18,21
2017-03-19,47
2017-03-20,31
2017-03-21,30
2017-03-22,29
2017-03-23,27
2017-03-24,29
2017-03-25,25
2017-03-26,23
2017-03-27,35
2017-03-28,33
2017-03-29,31
2017-03-30,42
2017-03-31,36
2017-04-01,88
2017-04-02,58
2017-04-03,45
2017-04-04,49
2017-04-05,52
2017-04-06,34
2017-04-07,34
2017-04-08,43
2017-04-09,32
2017-04-10,41
2017-04-11,48
2017-04-12,48
2017-04-13,53
2017-04-14,34
2017-04-15,27
2017-04-16,65
2017-04-17,65
2017-04-18,72
2017-04-19,55
2017-04-20,37
2017-04-21,45
2017-04-22,24
2017-04-23,55
2017-04-24,44
2017-04-25,25
2017-04-26,36
2017-04-27,40
2017-04-28,44
2017-04-29,35
2017-04-30,36
2017-05-01,72
2017-05-02,53
2017-05-03,42
2017-05-04,35
2017-05-05,29
2017-05-06,32
2017-05-07,63
2017-05-08,44
2017-05-09,42
2017-05-10,30
2017-05-11,29
2017-05-12,35
2017-05-13,34
2017-05-14,64
2017-05-15,56
2017-05-16,50
2017-05-17,44
2017-05-18,52
2017-05-19,63
2017-05-20,45
2017-05-21,146
2017-05-22,98
2017-05-23,58
2017-05-24,58
2017-05-25,81
2017-05-26,45
2017-05-27,54
2017-05-28,38
2017-05-29,78
2017-05-30,83
2017-05-31,85
2017-06-01,41
2017-06-02,44
2017-06-03,21
2017-06-04,27
2017-06-05,43
2017-06-06,55
2017-06-07,30
2017-06-08,30
2017-06-09,17
2017-06-10,16
2017-06-11,16
2017-06-12,36
2017-06-13,31
2017-06-14,23
2017-06-15,41
2017-06-16,75
2017-06-17,31
2017-06-18,26
2017-06-19,36
2017-06-20,30
2017-06-21,15
2017-06-22,35
2017-06-23,34
2017-06-24,35
2017-06-25,17
2017-06-26,29
2017-06-27,21
2017-06-28,29
2017-06-29,24
2017-06-30,28
2017-07-01,9
2017-07-02,27
2017-07-03,47
2017-07-04,29
2017-07-05,33
2017-07-06,26
2017-07-07,19
2017-07-08,26
2017-07-09,35
2017-07-10,29
2017-07-11,25
2017-07-12,25
2017-07-13,31
2017-07-14,24
2017-07-15,14
2017-07-16,13
2017-07-17,27
2017-07-18,35
2017-07-19,36
2017-07-20,23
2017-07-21,32
2017-07-22,19
2017-07-23,28
2017-07-24,29
2017-07-25,43
2017-07-26,42
2017-07-27,31
2017-07-28,26
2017-07-29,26
2017-07-30,26
2017-07-31,41
2017-08-01,42
2017-08-02,49
2017-08-03,29
2017-08-04,41
2017-08-05,26
2017-08-06,26
2017-08-07,29
2017-08-08,42
2017-08-09,37
2017-08-10,57
2017-08-11,74
2017-08-12,89
2017-08-13,67
2017-08-14,62
2017-08-15,103
2017-08-16,58
2017-08-17,48
2017-08-18,56
2017-08-19,62
2017-08-20,55
2017-08-21,44
2017-08-22,33
2017-08-23,87
2017-08-24,73
2017-08-25,70
2017-08-26,48
2017-08-27,107
2017-08-28,106
2017-08-29,82
2017-08-30,75
2017-08-31,75
2017-09-01,59
2017-09-02,52
2017-09-03,52
2017-09-04,35
2017-09-05,44
2017-09-06,39
2017-09-07,59
2017-09-08,62
2017-09-09,71
2017-09-10,41
2017-09-11,68
2017-09-12,40
2017-09-13,85
2017-09-14,64
2017-09-15,53
2017-09-16,60
2017-09-17,37
2017-09-18,53
2017-09-19,82
2017-09-20,74
2017-09-21,56
2017-09-22,40
2017-09-23,57
2017-09-24,39
2017-09-25,52
2017-09-26,70
2017-09-27,56
2017-09-28,84
2017-09-29,74
2017-09-30,39
2017-10-01,73
2017-10-02,56
2017-10-03,45
2017-10-04,34
2017-10-05,50
2017-10-06,39
2017-10-07,21
2017-10-08,41
2017-10-09,31
2017-10-10,34
2017-10-11,38
2017-10-12,57
2017-10-13,69
2017-10-14,107
2017-10-15,39
2017-10-16,49
2017-10-17,59
2017-10-18,36
2017-10-19,43
2017-10-20,26
2017-10-21,42
2017-10-22,105
2017-10-23,119
2017-10-24,62
2017-10-25,40
2017-10-26,78
2017-10-27,92
2017-10-28,110
2017-10-29,60
2017-10-30,39
2017-10-31,41
2017-11-01,43
2017-11-02,49
2017-11-03,34
2017-11-04,39
2017-11-05,35
2017-11-06,49
2017-11-07,36
2017-11-08,31
2017-11-09,37
2017-11-10,32
2017-11-11,17
2017-11-12,27
2017-11-13,26
2017-11-14,18
2017-11-15,47
2017-11-16,34
2017-11-17,27
2017-11-18,30
2017-11-19,29
2017-11-20,38
2017-11-21,59
2017-11-22,43
2017-11-23,37
2017-11-24,22
2017-11-25,47
2017-11-26,43
2017-11-27,43
2017-11-28,37
2017-11-29,54
2017-11-30,39
2017-12-01,34
2017-12-02,38
2017-12-03,44
2017-12-04,39
2017-12-05,35
2017-12-06,75
2017-12-07,75
2017-12-08,39
2017-12-09,38
2017-12-10,101
2017-12-11,79
2017-12-12,45
2017-12-13,44
2017-12-14,35
2017-12-15,25
2017-12-16,28
2017-12-17,55
2017-12-18,48
2017-12-19,38
2017-12-20,48
2017-12-21,45
2017-12-22,96
2017-12-23,61
2017-12-24,52
2017-12-25,43
2017-12-26,87
2017-12-27,79
2017-12-28,86
2017-12-29,49
2017-12-30,87
2017-12-31,79
2018-01-01,77
2018-01-02,94
2018-01-03,63
2018-01-04,55
2018-01-05,104
2018-01-06,112
2018-01-07,77
2018-01-08,71
2018-01-09,55
2018-01-10,60
2018-01-11,80
2018-01-12,71
2018-01-13,61
2018-01-14,168
2018-01-15,185
2018-01-16,113
2018-01-17,81
2018-01-18,63
2018-01-19,76
2018-01-20,80
2018-01-21,62
2018-01-22,68
2018-01-23,64
2018-01-24,46
2018-01-25,43
2018-01-26,53
2018-01-27,68
2018-01-28,70
2018-01-29,72
2018-01-30,76
2018-01-31,49
2018-02-01,47
2018-02-02,50
2018-02-03,34
2018-02-04,70
2018-02-05,49
2018-02-06,58
2018-02-07,44
2018-02-08,47
2018-02-09,44
2018-02-10,34
2018-02-11,59
2018-02-12,87
2018-02-13,43
2018-02-14,82
2018-02-15,80
2018-02-16,54
2018-02-17,45
2018-02-18,40
2018-02-19,55
2018-02-20,54
2018-02-21,54
2018-02-22,38
2018-02-23,42
2018-02-24,69
2018-02-25,61
2018-02-26,73
2018-02-27,59
2018-02-28,51
2018-03-01,58
2018-03-02,59
2018-03-03,79
2018-03-04,72
2018-03-05,76
2018-03-06,87
2018-03-07,71
2018-03-08,69
2018-03-09,65
2018-03-10,87
2018-03-11,58
2018-03-12,46
2018-03-13,57
2018-03-14,60
2018-03-15,88
2018-03-16,69
2018-03-17,73
2018-03-18,72
2018-03-19,74
2018-03-20,64
2018-03-21,43
2018-03-22,56
2018-03-23,54
2018-03-24,33
2018-03-25,58
2018-03-26,40
2018-03-27,40
2018-03-28,31
2018-03-29,37
2018-03-30,54
2018-03-31,72
2018-04-01,77
2018-04-02,68
2018-04-03,70
2018-04-04,144
2018-04-05,157
2018-04-06,92
2018-04-07,89
2018-04-08,58
2018-04-09,86
2018-04-10,201
2018-04-11,272
2018-04-12,133
2018-04-13,124
2018-04-14,137
2018-04-15,127
2018-04-16,125
2018-04-17,96
2018-04-18,92
2018-04-19,87
2018-04-20,191
2018-04-21,130
2018-04-22,79
2018-04-23,177
2018-04-24,350
2018-04-25,292
2018-04-26,157
2018-04-27,133
2018-04-28,108
2018-04-29,122
2018-04-30,181
2018-05-01,154
2018-05-02,335
2018-05-03,326
2018-05-04,148
2018-05-05,108
2018-05-06,120
2018-05-07,85
2018-05-08,86
2018-05-09,77
2018-05-10,74
2018-05-11,54
2018-05-12,61
2018-05-13,80
2018-05-14,101
2018-05-15,84
2018-05-16,79
2018-05-17,81
2018-05-18,76
2018-05-19,62
2018-05-20,51
2018-05-21,117
2018-05-22,147
2018-05-23,216
2018-05-24,197
2018-05-25,193
2018-05-26,437
2018-05-27,332
2018-05-28,187
2018-05-29,119
2018-05-30,84
2018-05-31,136
2018-06-01,80
2018-06-02,54
2018-06-03,41
2018-06-04,44
2018-06-05,76
2018-06-06,40
2018-06-07,48
2018-06-08,35
2018-06-09,35
2018-06-10,32
2018-06-11,35
2018-06-12,62
2018-06-13,47
2018-06-14,42
2018-06-15,51
2018-06-16,41
2018-06-17,50
2018-06-18,39
2018-06-19,29
2018-06-20,35
2018-06-21,37
2018-06-22,39
2018-06-23,28
2018-06-24,36
2018-06-25,37
2018-06-26,29
2018-06-27,57
2018-06-28,57
2018-06-29,32
2018-06-30,40
2018-07-01,32
2018-07-02,70
2018-07-03,63
2018-07-04,47
2018-07-05,45
2018-07-06,61
2018-07-07,56
2018-07-08,32
2018-07-09,53
2018-07-10,42
2018-07-11,37
2018-07-12,43
2018-07-13,41
2018-07-14,59
2018-07-15,46
2018-07-16,42
2018-07-17,49
2018-07-18,68
2018-07-19,84
2018-07-20,92
2018-07-21,46
2018-07-22,55
2018-07-23,64
2018-07-24,93
2018-07-25,71
2018-07-26,51
2018-07-27,59
2018-07-28,60
2018-07-29,58
2018-07-30,80
2018-07-31,75
2018-08-01,43
2018-08-02,43
2018-08-03,44
2018-08-04,37
2018-08-05,48
2018-08-06,73
2018-08-07,43
2018-08-08,63
2018-08-09,59
2018-08-10,54
2018-08-11,43
2018-08-12,111
2018-08-13,81
2018-08-14,74
2018-08-15,74
2018-08-16,68
2018-08-17,64
2018-08-18,56
2018-08-19,61
2018-08-20,98
2018-08-21,96
2018-08-22,71
2018-08-23,69
2018-08-24,105
2018-08-25,66
2018-08-26,58
2018-08-27,64
2018-08-28,86
2018-08-29,59
2018-08-30,40
2018-08-31,61
2018-09-01,65
2018-09-02,46
2018-09-03,40
2018-09-04,42
2018-09-05,24
2018-09-06,24
2018-09-07,27
2018-09-08,22
2018-09-09,19
2018-09-10,23
2018-09-11,25
2018-09-12,17
2018-09-13,32
2018-09-14,42
2018-09-15,64
2018-09-16,61
2018-09-17,62
2018-09-18,119
2018-09-19,94
2018-09-20,42
2018-09-21,54
2018-09-22,84
2018-09-23,51
2018-09-24,54
2018-09-25,49
2018-09-26,71
2018-09-27,38
2018-09-28,42
2018-09-29,66
2018-09-30,54
2018-10-01,48
2018-10-02,52
2018-10-03,61
2018-10-04,47
2018-10-05,45
2018-10-06,56
2018-10-07,90
2018-10-08,78
2018-10-09,47
2018-10-10,44
2018-10-11,38
2018-10-12,34
2018-10-13,25
2018-10-14,34
2018-10-15,26
2018-10-16,22
2018-10-17,35
2018-10-18,20
2018-10-19,25
2018-10-20,67
2018-10-21,33
2018-10-22,44
2018-10-23,42
2018-10-24,60
2018-10-25,56
2018-10-26,41
2018-10-27,38
2018-10-28,37
2018-10-29,38
2018-10-30,45
2018-10-31,41
2018-11-01,42
2018-11-02,37
2018-11-03,70
2018-11-04,34
2018-11-05,46
2018-11-06,59
2018-11-07,36
2018-11-08,41
2018-11-09,30
2018-11-10,34
2018-11-11,35
2018-11-12,26
2018-11-13,29
2018-11-14,45
2018-11-15,34
2018-11-16,25
2018-11-17,17
2018-11-18,19
2018-11-19,20
2018-11-20,24
2018-11-21,27
2018-11-22,27
2018-11-23,33
2018-11-24,27
2018-11-25,43
2018-11-26,29
2018-11-27,35
2018-11-28,116
2018-11-29,63
2018-11-30,41
2018-12-01,29
2018-12-02,77
2018-12-03,100
2018-12-04,72
2018-12-05,80
2018-12-06,84
2018-12-07,49
2018-12-08,68
2018-12-09,57
2018-12-10,60
2018-12-11,81
2018-12-12,106
2018-12-13,52
2018-12-14,69
2018-12-15,73
2018-12-16,173
2018-12-17,173
2018-12-18,341
2018-12-19,274
2018-12-20,149
2018-12-21,119
2018-12-22,102
2018-12-23,91
2018-12-24,72
2018-12-25,75
2018-12-26,124
2018-12-27,141
2018-12-28,93
2018-12-29,204
2018-12-30,139
2018-12-31,96
2019-01-01,75
2019-01-02,124
2019-01-03,245
2019-01-04,104
2019-01-05,59
2019-01-06,51
2019-01-07,119
2019-01-08,97
2019-01-09,49
2019-01-10,63
2019-01-11,66
2019-01-12,89
2019-01-13,52
2019-01-14,62
2019-01-15,47
2019-01-16,30
2019-01-17,45
2019-01-18,65
2019-01-19,72
2019-01-20,74
2019-01-21,65
2019-01-22,44
2019-01-23,47
2019-01-24,48
2019-01-25,43
2019-01-26,31
2019-01-27,36
2019-01-28,41
2019-01-29,89
2019-01-30,94
2019-01-31,55
2019-02-01,31
2019-02-02,44
2019-02-03,45
2019-02-04,61
2019-02-05,80
2019-02-06,42
2019-02-07,32
2019-02-08,39
2019-02-09,48
2019-02-10,54
2019-02-11,52
2019-02-12,50
2019-02-13,42
2019-02-14,47
2019-02-15,55
2019-02-16,37
2019-02-17,28
2019-02-18,36
2019-02-19,97
2019-02-20,58
2019-02-21,39
2019-02-22,39
2019-02-23,41
2019-02-24,79
2019-02-25,44
2019-02-26,72
2019-02-27,50
2019-02-28,48
2019-03-01,37
2019-03-02,30
2019-03-03,65
2019-03-04,82
2019-03-05,47
2019-03-06,76
2019-03-07,54
2019-03-08,33
2019-03-09,37
2019-03-10,45
2019-03-11,48
2019-03-12,43
2019-03-13,123
2019-03-14,103
2019-03-15,83
2019-03-16,45
2019-03-17,76
2019-03-18,64
2019-03-19,65
2019-03-20,43
2019-03-21,30
2019-03-22,23
2019-03-23,22
2019-03-24,18
2019-03-25,26
2019-03-26,32
2019-03-27,27
2019-03-28,35
2019-03-29,27
2019-03-30,30
2019-03-31,75
2019-04-01,65
2019-04-02,57
2019-04-03,57
2019-04-04,41
2019-04-05,95
2019-04-06,59
2019-04-07,37
2019-04-08,49
2019-04-09,91
2019-04-10,70
2019-04-11,50
2019-04-12,50
2019-04-13,35
2019-04-14,100
2019-04-15,97
2019-04-16,77
2019-04-17,106
2019-04-18,123
2019-04-19,78
2019-04-20,70
2019-04-21,122
2019-04-22,123
2019-04-23,94
2019-04-24,85
2019-04-25,93
2019-04-26,181
2019-04-27,132
2019-04-28,102
2019-04-29,90
2019-04-30,92
2019-05-01,178
2019-05-02,151
2019-05-03,84
2019-05-04,77
2019-05-05,83
2019-05-06,110
2019-05-07,364
2019-05-08,918
2019-05-09,430
2019-05-10,260
2019-05-11,187
2019-05-12,296
2019-05-13,282
2019-05-14,150
2019-05-15,121
2019-05-16,95
2019-05-17,101
2019-05-18,72
2019-05-19,58
2019-05-20,57
2019-05-21,69
2019-05-22,72
2019-05-23,67
2019-05-24,74
2019-05-25,58
2019-05-26,57
2019-05-27,60
2019-05-28,140
2019-05-29,115
2019-05-30,143
2019-05-31,309
2019-06-01,759
2019-06-02,906
2019-06-03,534
2019-06-04,286
2019-06-05,165
2019-06-06,139
2019-06-07,115
2019-06-08,93
2019-06-09,64
2019-06-10,77
2019-06-11,77
2019-06-12,64
2019-06-13,61
2019-06-14,75
2019-06-15,62
2019-06-16,80
2019-06-17,73
2019-06-18,71
2019-06-19,60
2019-06-20,55
2019-06-21,38
2019-06-22,29
2019-06-23,40
2019-06-24,52
2019-06-25,53
2019-06-26,54
2019-06-27,52
2019-06-28,32
2019-06-29,30
2019-06-30,38
2019-07-01,26
2019-07-02,32
2019-07-03,32
2019-07-04,45
2019-07-05,31
2019-07-06,48
2019-07-07,37
2019-07-08,52
2019-07-09,57
2019-07-10,38
2019-07-11,31
2019-07-12,36
2019-07-13,32
2019-07-14,18
2019-07-15,28
2019-07-16,35
2019-07-17,44
2019-07-18,35
2019-07-19,45
2019-07-20,32
2019-07-21,31
2019-07-22,31
2019-07-23,44
2019-07-24,33
2019-07-25,33
2019-07-26,26
2019-07-27,22
2019-07-28,35
2019-07-29,51
2019-07-30,31
2019-07-31,41
2019-08-01,26
2019-08-02,42
2019-08-03,28
2019-08-04,42
2019-08-05,40
2019-08-06,56
2019-08-07,57
2019-08-08,56
2019-08-09,120
2019-08-10,71
2019-08-11,59
2019-08-12,64
2019-08-13,48
2019-08-14,144
2019-08-15,166
2019-08-16,84
2019-08-17,78
2019-08-18,63
2019-08-19,71
2019-08-20,55
2019-08-21,73
2019-08-22,58
2019-08-23,48
2019-08-24,100
2019-08-25,68
2019-08-26,96
2019-08-27,76
2019-08-28,55
2019-08-29,57
2019-08-30,62
2019-08-31,70
2019-09-01,79
2019-09-02,95
2019-09-03,58
2019-09-04,54
2019-09-05,55
2019-09-06,50
2019-09-07,36
2019-09-08,42
2019-09-09,41
2019-09-10,36
2019-09-11,24
2019-09-12,34
2019-09-13,56
2019-09-14,77
2019-09-15,100
2019-09-16,75
2019-09-17,98
2019-09-18,199
2019-09-19,38
2019-09-20,57
2019-09-21,58
2019-09-22,99
2019-09-23,143
2019-09-24,159
2019-09-25,132
2019-09-26,87
2019-09-27,79
2019-09-28,84
2019-09-29,63
2019-09-30,88
2019-10-01,77
2019-10-02,88
2019-10-03,93
2019-10-04,62
2019-10-05,119
2019-10-06,126
2019-10-07,109
2019-10-08,143
2019-10-09,86
2019-10-10,93
2019-10-11,85
2019-10-12,67
2019-10-13,64
2019-10-14,65
2019-10-15,73
2019-10-16,64
2019-10-17,51
2019-10-18,81
2019-10-19,50
2019-10-20,74
2019-10-21,78
2019-10-22,50
2019-10-23,57
2019-10-24,74
2019-10-25,69
2019-10-26,48
2019-10-27,70
2019-10-28,77
2019-10-29,71
2019-10-30,94
2019-10-31,98
2019-11-01,52
2019-11-02,94
2019-11-03,100
2019-11-04,88
2019-11-05,105
2019-11-06,83
2019-11-07,82
2019-11-08,85
2019-11-09,91
2019-11-10,222
2019-11-11,212
2019-11-12,157
2019-11-13,147
2019-11-14,91
2019-11-15,59
2019-11-16,70
2019-11-17,39
2019-11-18,53
2019-11-19,72
2019-11-20,173
2019-11-21,106
2019-11-22,86
2019-11-23,104
2019-11-24,78
2019-11-25,94
2019-11-26,110
2019-11-27,97
2019-11-28,60
2019-11-29,109
2019-11-30,97
2019-12-01,89
2019-12-02,97
2019-12-03,79
2019-12-04,110
2019-12-05,148
2019-12-06,99
2019-12-07,99
2019-12-08,76
2019-12-09,102
2019-12-10,112
2019-12-11,
